{
  "model": {
      "type": "minecraft:condition",
      "property": "minecraft:using_item",
      "on_true": {
        "type": "minecraft:range_dispatch",
        "property": "minecraft:use_duration",
        "entries": [
              {
                "threshold": 0,
                "model": {
                  "type": "minecraft:model",
                  "model": "item/eatinganimation/cooked_rabbit/cooked_rabbit_eat_0"
                }
              },
              {
                "threshold": 8,
                "model": {
                  "type": "minecraft:model",
                  "model": "item/eatinganimation/cooked_rabbit/cooked_rabbit_eat_1"
                }
              },
              {
                "threshold": 16,
                "model": {
                  "type": "minecraft:model",
                  "model": "item/eatinganimation/cooked_rabbit/cooked_rabbit_eat_2"
                }
              },
              {
                "threshold": 24,
                "model": {
                  "type": "minecraft:model",
                  "model": "item/eatinganimation/cooked_rabbit/cooked_rabbit_eat_3"
                }
              },
		            {
                "threshold": 31.5,
                "model": {
                  "type": "minecraft:model",
                  "model": "item/cooked_rabbit"
                }
              }
            ]
      },
      "on_false": {
        "type": "minecraft:model",
        "model": "item/cooked_rabbit"
      }
    }
  }